<?xml version="1.0" encoding="UTF-8"?>
<!DOCTYPE hibernate-configuration PUBLIC
        "-//Hibernate/Hibernate Configuration DTD 3.0//EN"
        "http://www.hibernate.org/dtd/hibernate-configuration-3.0.dtd">
<hibernate-configuration>
	<session-factory>
		<!-- Database connection settings -->
		<property name="connection.driver_class">com.mysql.jdbc.Driver</property>
		<property name="connection.url">jdbc:mysql://localhost:3306/bdreto</property>
		<property name="connection.username">root</property>
		<property name="connection.password">admin</property>
		<property name="show_sql">true</property>
		<property name="current_session_context_class">thread</property>
		<mapping class="modelo.Autor"/>
		<mapping class="modelo.Cliente"/>
		<mapping class="modelo.Categoria"/>
		<mapping class="modelo.Libro"/>
		<mapping class="modelo.Pedido"/>
		<mapping class="modelo.Libro_Autor"/>
		<mapping class="modelo.Libro_Pedido"/>
		<mapping class="modelo.Libro_Categoria"/>
	</session-factory>
</hibernate-configuration>